ID,Rule Text,JSON Mapping,prompt,llama-3.2-3b-instruct_response,llama-3.2-3b-instruct_category,qwen3-30b-a3b-instruct-2507_response,qwen3-30b-a3b-instruct-2507_category,gpt-5.2_response,gpt-5.2_category,claude-sonnet-4.5_response,claude-sonnet-4.5_category,qwen3-30b-a3b_response,qwen3-30b-a3b_category,qwen3-8b-reasoning_response,qwen3-8b-reasoning_category,qwen3.5-397b-a17b_responses,qwen3.5-397b-a17b_categories,qwen3.5-397b-a17b_card_orders,glm-4.7-flash_responses,glm-4.7-flash_categories,glm-4.7-flash_card_orders,qwen3-next-80b-a3b-instruct_responses,qwen3-next-80b-a3b-instruct_categories,qwen3-next-80b-a3b-instruct_card_orders,gemma-3-12b-it_responses,gemma-3-12b-it_categories,gemma-3-12b-it_card_orders,deepseek-v3.2_responses,deepseek-v3.2_categories,deepseek-v3.2_card_orders,gemma-3-27b-it_responses,gemma-3-27b-it_categories,gemma-3-27b-it_card_orders
T01,"If a card has a Vowel on one side, then it has an Even Number on the other side.","{'A': 'P', 'K': 'not_P', '4': 'Q', '7': 'not_Q'}","Rule: ""If a card has a Vowel on one side, then it has an Even Number on the other side.""
Cards: ['A', 'K', '4', '7']

Which cards must you turn over?
Your answer:","['A', '4']",MATCHING_BIAS,"['A', '7']",CORRECT,"['A', '7']",CORRECT,"['A', '7']",CORRECT,"['A', '7']",CORRECT,"['A', '7']",CORRECT,"[['7', 'A'], ['A', '7'], ['7', 'A'], ['A', '7'], ['A', '7']]","['CORRECT', 'CORRECT', 'CORRECT', 'CORRECT', 'CORRECT']","[['4', 'K', '7', 'A'], ['A', '7', '4', 'K'], ['7', 'A', 'K', '4'], ['7', '4', 'K', 'A'], ['4', 'A', '7', 'K']]","[['K', 'A'], ['A', '4'], ['A', '4'], ['A'], ['A']]","['LOGIC_ERROR', 'MATCHING_BIAS', 'MATCHING_BIAS', 'CONFIRMATION_BIAS', 'CONFIRMATION_BIAS']","[['4', 'K', '7', 'A'], ['A', '7', '4', 'K'], ['7', 'A', 'K', '4'], ['7', '4', 'K', 'A'], ['4', 'A', '7', 'K']]","[['A', '7'], ['A', '7'], ['7', 'A'], ['A', '7'], ['A', '7']]","['CORRECT', 'CORRECT', 'CORRECT', 'CORRECT', 'CORRECT']","[['4', 'K', '7', 'A'], ['A', '7', '4', 'K'], ['7', 'A', 'K', '4'], ['7', '4', 'K', 'A'], ['4', 'A', '7', 'K']]","[['4', 'A'], ['A', '7'], ['A'], ['7', 'A'], ['7']]","['MATCHING_BIAS', 'CORRECT', 'CONFIRMATION_BIAS', 'CORRECT', 'SINGLE_VIOLATION']","[['4', 'K', '7', 'A'], ['A', '7', '4', 'K'], ['7', 'A', 'K', '4'], ['7', '4', 'K', 'A'], ['4', 'A', '7', 'K']]","[['7', 'A'], ['A', '7'], ['A', '7'], ['7', 'K', 'A'], ['A', '7']]","['CORRECT', 'CORRECT', 'CORRECT', 'LOGIC_ERROR', 'CORRECT']","[['4', 'K', '7', 'A'], ['A', '7', '4', 'K'], ['7', 'A', 'K', '4'], ['7', '4', 'K', 'A'], ['4', 'A', '7', 'K']]","[['A', '7'], ['A', '7'], ['7', 'A'], ['7', 'A'], ['A', '4']]","['CORRECT', 'CORRECT', 'CORRECT', 'CORRECT', 'MATCHING_BIAS']","[['4', 'K', '7', 'A'], ['A', '7', '4', 'K'], ['7', 'A', 'K', '4'], ['7', '4', 'K', 'A'], ['4', 'A', '7', 'K']]"
T02,"If a card has a Consonant on one side, then it has an Odd Number on the other side.","{'K': 'P', 'A': 'not_P', '7': 'Q', '4': 'not_Q'}","Rule: ""If a card has a Consonant on one side, then it has an Odd Number on the other side.""
Cards: ['K', 'A', '7', '4']

Which cards must you turn over?
Your answer:","['K', '7']",MATCHING_BIAS,"['K', '7', '4']",OVER_SELECTION,"['K', '4']",CORRECT,"['K', '4']",CORRECT,"['K', '4']",CORRECT,"['K', '4']",CORRECT,"[['K', '4'], ['4', 'K'], ['K', '4'], ['4', 'K'], ['K', '4']]","['CORRECT', 'CORRECT', 'CORRECT', 'CORRECT', 'CORRECT']","[['K', '7', 'A', '4'], ['4', 'K', 'A', '7'], ['A', 'K', '4', '7'], ['4', 'A', '7', 'K'], ['4', 'K', '7', 'A']]","[['K', '4'], ['K'], ['K'], ['K'], ['4', 'K']]","['CORRECT', 'CONFIRMATION_BIAS', 'CONFIRMATION_BIAS', 'CONFIRMATION_BIAS', 'CORRECT']","[['K', '7', 'A', '4'], ['4', 'K', 'A', '7'], ['A', 'K', '4', '7'], ['4', 'A', '7', 'K'], ['4', 'K', '7', 'A']]","[['K', '4'], ['4', 'K'], ['K', '4'], ['4', 'K'], ['K', '4']]","['CORRECT', 'CORRECT', 'CORRECT', 'CORRECT', 'CORRECT']","[['K', '7', 'A', '4'], ['4', 'K', 'A', '7'], ['A', 'K', '4', '7'], ['4', 'A', '7', 'K'], ['4', 'K', '7', 'A']]","[['K', '7', 'A', '4'], ['4'], ['K', '4'], ['4', 'A', 'K'], ['4']]","['ALL_CARDS', 'SINGLE_VIOLATION', 'CORRECT', 'LOGIC_ERROR', 'SINGLE_VIOLATION']","[['K', '7', 'A', '4'], ['4', 'K', 'A', '7'], ['A', 'K', '4', '7'], ['4', 'A', '7', 'K'], ['4', 'K', '7', 'A']]","[['K', '4'], ['4', 'K'], ['K', '4'], ['4', 'A', 'K'], ['4', 'K']]","['CORRECT', 'CORRECT', 'CORRECT', 'LOGIC_ERROR', 'CORRECT']","[['K', '7', 'A', '4'], ['4', 'K', 'A', '7'], ['A', 'K', '4', '7'], ['4', 'A', '7', 'K'], ['4', 'K', '7', 'A']]","[['K', '4'], ['4', 'K'], ['K', '4'], ['4', 'K'], ['K']]","['CORRECT', 'CORRECT', 'CORRECT', 'CORRECT', 'CONFIRMATION_BIAS']","[['K', '7', 'A', '4'], ['4', 'K', 'A', '7'], ['A', 'K', '4', '7'], ['4', 'A', '7', 'K'], ['4', 'K', '7', 'A']]"
T03,"If there is an A on one side, then there is a 3 on the other side.","{'A': 'P', 'D': 'not_P', '3': 'Q', '7': 'not_Q'}","Rule: ""If there is an A on one side, then there is a 3 on the other side.""
Cards: ['A', 'D', '3', '7']

Which cards must you turn over?
Your answer:","['A', '3']",MATCHING_BIAS,"['A', '7']",CORRECT,"['A', '7']",CORRECT,"['A', '7']",CORRECT,"['A', '7']",CORRECT,[''],NOISE,"[['A', '7'], ['A', '7'], ['A', '7'], ['A', '7'], ['A', '7']]","['CORRECT', 'CORRECT', 'CORRECT', 'CORRECT', 'CORRECT']","[['D', '7', '3', 'A'], ['D', '7', 'A', '3'], ['7', 'A', 'D', '3'], ['7', 'D', '3', 'A'], ['3', 'D', 'A', '7']]","[['3', 'A'], ['A'], ['A', '3'], ['A'], ['A', '7']]","['MATCHING_BIAS', 'CONFIRMATION_BIAS', 'MATCHING_BIAS', 'CONFIRMATION_BIAS', 'CORRECT']","[['D', '7', '3', 'A'], ['D', '7', 'A', '3'], ['7', 'A', 'D', '3'], ['7', 'D', '3', 'A'], ['3', 'D', 'A', '7']]","[['A', '7'], ['A', '7'], ['A', '7'], ['A', '7'], ['A', '7']]","['CORRECT', 'CORRECT', 'CORRECT', 'CORRECT', 'CORRECT']","[['D', '7', '3', 'A'], ['D', '7', 'A', '3'], ['7', 'A', 'D', '3'], ['7', 'D', '3', 'A'], ['3', 'D', 'A', '7']]","[['A'], ['A', '3'], ['3'], ['None'], ['A', '3']]","['CONFIRMATION_BIAS', 'MATCHING_BIAS', 'NOISE', 'NOISE', 'MATCHING_BIAS']","[['D', '7', '3', 'A'], ['D', '7', 'A', '3'], ['7', 'A', 'D', '3'], ['7', 'D', '3', 'A'], ['3', 'D', 'A', '7']]","[['A', 'D', '7'], ['A', 'D', '7'], ['7', 'A', 'D'], ['7', 'D', 'A'], ['A', 'D', '7']]","['LOGIC_ERROR', 'LOGIC_ERROR', 'LOGIC_ERROR', 'LOGIC_ERROR', 'LOGIC_ERROR']","[['D', '7', '3', 'A'], ['D', '7', 'A', '3'], ['7', 'A', 'D', '3'], ['7', 'D', '3', 'A'], ['3', 'D', 'A', '7']]","[['A'], ['A', '3'], ['A', '3'], ['A'], ['A', '3']]","['CONFIRMATION_BIAS', 'MATCHING_BIAS', 'MATCHING_BIAS', 'CONFIRMATION_BIAS', 'MATCHING_BIAS']","[['D', '7', '3', 'A'], ['D', '7', 'A', '3'], ['7', 'A', 'D', '3'], ['7', 'D', '3', 'A'], ['3', 'D', 'A', '7']]"
T04,"If the letter is D, then the number must be 5.","{'D': 'P', 'F': 'not_P', '5': 'Q', '8': 'not_Q'}","Rule: ""If the letter is D, then the number must be 5.""
Cards: ['D', 'F', '5', '8']

Which cards must you turn over?
Your answer:","['F', '8']",LOGIC_ERROR,"['D', '8']",CORRECT,"['D', '8']",CORRECT,"['D', '8']",CORRECT,"['D', '8']",CORRECT,"['D', '8']",CORRECT,"[['D', '8'], ['D', '8'], ['D', '8'], ['D', '8'], ['D', '8']]","['CORRECT', 'CORRECT', 'CORRECT', 'CORRECT', 'CORRECT']","[['8', 'F', 'D', '5'], ['D', '5', '8', 'F'], ['D', '8', '5', 'F'], ['8', 'D', 'F', '5'], ['F', 'D', '5', '8']]","[['D'], ['D', '8'], ['D', '5'], ['D'], ['D', '5']]","['CONFIRMATION_BIAS', 'CORRECT', 'MATCHING_BIAS', 'CONFIRMATION_BIAS', 'MATCHING_BIAS']","[['8', 'F', 'D', '5'], ['D', '5', '8', 'F'], ['D', '8', '5', 'F'], ['8', 'D', 'F', '5'], ['F', 'D', '5', '8']]","[['D', '8'], ['D', '8'], ['- The card showing **'], ['D', '8'], ['D', '8']]","['CORRECT', 'CORRECT', 'NOISE', 'CORRECT', 'CORRECT']","[['8', 'F', 'D', '5'], ['D', '5', '8', 'F'], ['D', '8', '5', 'F'], ['8', 'D', 'F', '5'], ['F', 'D', '5', '8']]","[['D', '5'], ['D', '5'], ['D', '5'], ['D', '5'], ['However', 'if we want to be absolutely sure that the rule is not violated']]","['MATCHING_BIAS', 'MATCHING_BIAS', 'MATCHING_BIAS', 'MATCHING_BIAS', 'NOISE']","[['8', 'F', 'D', '5'], ['D', '5', '8', 'F'], ['D', '8', '5', 'F'], ['8', 'D', 'F', '5'], ['F', 'D', '5', '8']]","[['8', 'D'], ['D', '8'], ['D', '8'], ['8', 'D'], ['D', '8']]","['CORRECT', 'CORRECT', 'CORRECT', 'CORRECT', 'CORRECT']","[['8', 'F', 'D', '5'], ['D', '5', '8', 'F'], ['D', '8', '5', 'F'], ['8', 'D', 'F', '5'], ['F', 'D', '5', '8']]","[['D', '5'], ['D', '5'], ['D', '8'], ['D', '5'], ['D', '5']]","['MATCHING_BIAS', 'MATCHING_BIAS', 'CORRECT', 'MATCHING_BIAS', 'MATCHING_BIAS']","[['8', 'F', 'D', '5'], ['D', '5', '8', 'F'], ['D', '8', '5', 'F'], ['8', 'D', 'F', '5'], ['F', 'D', '5', '8']]"
T05,"If there is a U on the card, then there is an 8 on the back.","{'U': 'P', 'G': 'not_P', '8': 'Q', '1': 'not_Q'}","Rule: ""If there is a U on the card, then there is an 8 on the back.""
Cards: ['U', 'G', '8', '1']

Which cards must you turn over?
Your answer:","['G', '1']",LOGIC_ERROR,"['U', '8']",MATCHING_BIAS,"['U', '1']",CORRECT,"['U', '1']",CORRECT,['U'],CONFIRMATION_BIAS,"['U', '1']",CORRECT,"[['U', '1'], ['U', '1'], ['U', '1'], ['1', 'U'], ['U', '1']]","['CORRECT', 'CORRECT', 'CORRECT', 'CORRECT', 'CORRECT']","[['8', 'U', '1', 'G'], ['G', '8', 'U', '1'], ['U', '8', '1', 'G'], ['G', '1', '8', 'U'], ['G', 'U', '8', '1']]","[['U'], ['U'], ['U'], ['U'], ['U']]","['CONFIRMATION_BIAS', 'CONFIRMATION_BIAS', 'CONFIRMATION_BIAS', 'CONFIRMATION_BIAS', 'CONFIRMATION_BIAS']","[['8', 'U', '1', 'G'], ['G', '8', 'U', '1'], ['U', '8', '1', 'G'], ['G', '1', '8', 'U'], ['G', 'U', '8', '1']]","[['We need to check any card that **might have a non-8 on the back**', 'because if it has a U on the front', 'that would violate'], [""What if the back of the '1""], ['So **only if'], ['So if a card has **8 on front**', 'back could be'], ['Wait — this is the critical point.']]","['NOISE', 'NOISE', 'NOISE', 'NOISE', 'NOISE']","[['8', 'U', '1', 'G'], ['G', '8', 'U', '1'], ['U', '8', '1', 'G'], ['G', '1', '8', 'U'], ['G', 'U', '8', '1']]","[['U'], ['U'], ['U'], ['U'], ['U']]","['CONFIRMATION_BIAS', 'CONFIRMATION_BIAS', 'CONFIRMATION_BIAS', 'CONFIRMATION_BIAS', 'CONFIRMATION_BIAS']","[['8', 'U', '1', 'G'], ['G', '8', 'U', '1'], ['U', '8', '1', 'G'], ['G', '1', '8', 'U'], ['G', 'U', '8', '1']]","[['But in the original Wason selection task with numbers and letters', 'the correct answer for “If vowel', 'then even number” with cards showing E', 'K', '4', '7 is E and 7'], ['- 1 (to check if U on back — because if 1’s back is U', 'then'], ['U'], ['G', '1', 'U'], ['- Which cards could be ""not 8 on back""? We don’t know', 'so we check cards whose front is not necessarily U but could be U if we turn? No — we look at front to']]","['NOISE', 'NOISE', 'CONFIRMATION_BIAS', 'LOGIC_ERROR', 'NOISE']","[['8', 'U', '1', 'G'], ['G', '8', 'U', '1'], ['U', '8', '1', 'G'], ['G', '1', '8', 'U'], ['G', 'U', '8', '1']]","[['U', '8'], ['U', '8'], ['U', '8'], ['U'], ['U', '8']]","['MATCHING_BIAS', 'MATCHING_BIAS', 'MATCHING_BIAS', 'CONFIRMATION_BIAS', 'MATCHING_BIAS']","[['8', 'U', '1', 'G'], ['G', '8', 'U', '1'], ['U', '8', '1', 'G'], ['G', '1', '8', 'U'], ['G', 'U', '8', '1']]"
T06,"If the number is Even, then the letter is a Vowel.","{'4': 'P', '7': 'not_P', 'E': 'Q', 'K': 'not_Q'}","Rule: ""If the number is Even, then the letter is a Vowel.""
Cards: ['4', '7', 'E', 'K']

Which cards must you turn over?
Your answer:","['4', 'E']",MATCHING_BIAS,"['4', 'E']",MATCHING_BIAS,"['4', 'K']",CORRECT,"['4', 'K']",CORRECT,"['4', 'K']",CORRECT,"['4', 'K']",CORRECT,"[['4', 'K'], ['K', '4'], ['K', '4'], ['4', 'K'], ['4', 'K']]","['CORRECT', 'CORRECT', 'CORRECT', 'CORRECT', 'CORRECT']","[['4', 'K', 'E', '7'], ['K', 'E', '7', '4'], ['E', 'K', '4', '7'], ['7', '4', 'K', 'E'], ['4', 'K', '7', 'E']]","[['4'], ['4'], ['4'], ['4', 'K', 'E'], ['4']]","['CONFIRMATION_BIAS', 'CONFIRMATION_BIAS', 'CONFIRMATION_BIAS', 'OVER_SELECTION', 'CONFIRMATION_BIAS']","[['4', 'K', 'E', '7'], ['K', 'E', '7', '4'], ['E', 'K', '4', '7'], ['7', '4', 'K', 'E'], ['4', 'K', '7', 'E']]","[['4', 'K'], ['K', '4'], ['K', '4'], ['4', 'K'], ['4', 'K']]","['CORRECT', 'CORRECT', 'CORRECT', 'CORRECT', 'CORRECT']","[['4', 'K', 'E', '7'], ['K', 'E', '7', '4'], ['E', 'K', '4', '7'], ['7', '4', 'K', 'E'], ['4', 'K', '7', 'E']]","[['4', 'K', 'E', '7'], ['E', '7', '4'], ['E', 'K', '4'], ['4', 'E'], ['4', 'K']]","['ALL_CARDS', 'LOGIC_ERROR', 'OVER_SELECTION', 'MATCHING_BIAS', 'CORRECT']","[['4', 'K', 'E', '7'], ['K', 'E', '7', '4'], ['E', 'K', '4', '7'], ['7', '4', 'K', 'E'], ['4', 'K', '7', 'E']]","[['4', 'K'], ['K', '4'], ['K', '4'], ['4', 'K'], ['4', 'K']]","['CORRECT', 'CORRECT', 'CORRECT', 'CORRECT', 'CORRECT']","[['4', 'K', 'E', '7'], ['K', 'E', '7', '4'], ['E', 'K', '4', '7'], ['7', '4', 'K', 'E'], ['4', 'K', '7', 'E']]","[['4'], ['K', '4'], ['K', '4'], ['4', 'K'], ['4']]","['CONFIRMATION_BIAS', 'CORRECT', 'CORRECT', 'CORRECT', 'CONFIRMATION_BIAS']","[['4', 'K', 'E', '7'], ['K', 'E', '7', '4'], ['E', 'K', '4', '7'], ['7', '4', 'K', 'E'], ['4', 'K', '7', 'E']]"
T07,"If the number is Odd, then the letter is a Consonant.","{'9': 'P', '6': 'not_P', 'M': 'Q', 'A': 'not_Q'}","Rule: ""If the number is Odd, then the letter is a Consonant.""
Cards: ['9', '6', 'M', 'A']

Which cards must you turn over?
Your answer:","['9', 'M']",MATCHING_BIAS,"['9', 'A']",CORRECT,"['9', 'A']",CORRECT,"['9', 'A']",CORRECT,"['9', 'A']",CORRECT,"['9', 'A']",CORRECT,"[['9', 'A'], ['9', 'A'], ['A', '9'], ['9', 'A'], ['9', 'A']]","['CORRECT', 'CORRECT', 'CORRECT', 'CORRECT', 'CORRECT']","[['M', '6', 'A', '9'], ['9', '6', 'M', 'A'], ['A', '9', '6', 'M'], ['6', 'A', 'M', '9'], ['9', 'A', 'M', '6']]","[['9'], ['A'], ['A', '9', 'M'], ['A', '9'], ['9']]","['CONFIRMATION_BIAS', 'SINGLE_VIOLATION', 'OVER_SELECTION', 'CORRECT', 'CONFIRMATION_BIAS']","[['M', '6', 'A', '9'], ['9', '6', 'M', 'A'], ['A', '9', '6', 'M'], ['6', 'A', 'M', '9'], ['9', 'A', 'M', '6']]","[['A', '9'], ['9', 'A'], ['A', '9'], ['A', '9'], ['9', 'A']]","['CORRECT', 'CORRECT', 'CORRECT', 'CORRECT', 'CORRECT']","[['M', '6', 'A', '9'], ['9', '6', 'M', 'A'], ['A', '9', '6', 'M'], ['6', 'A', 'M', '9'], ['9', 'A', 'M', '6']]","[['9'], ['9', '6', 'A'], ['A', '9'], ['A', '9'], ['9', 'A']]","['CONFIRMATION_BIAS', 'LOGIC_ERROR', 'CORRECT', 'CORRECT', 'CORRECT']","[['M', '6', 'A', '9'], ['9', '6', 'M', 'A'], ['A', '9', '6', 'M'], ['6', 'A', 'M', '9'], ['9', 'A', 'M', '6']]","[['A', '9'], ['9', 'A'], ['A', '9'], ['A', '9'], ['9', 'A']]","['CORRECT', 'CORRECT', 'CORRECT', 'CORRECT', 'CORRECT']","[['M', '6', 'A', '9'], ['9', '6', 'M', 'A'], ['A', '9', '6', 'M'], ['6', 'A', 'M', '9'], ['9', 'A', 'M', '6']]","[['A', '9'], ['9', 'M', 'A'], ['A', '9'], ['A', '9'], ['9']]","['CORRECT', 'OVER_SELECTION', 'CORRECT', 'CORRECT', 'CONFIRMATION_BIAS']","[['M', '6', 'A', '9'], ['9', '6', 'M', 'A'], ['A', '9', '6', 'M'], ['6', 'A', 'M', '9'], ['9', 'A', 'M', '6']]"
T08,"If the card shows an E, then the number is 2.","{'E': 'P', 'K': 'not_P', '2': 'Q', '9': 'not_Q'}","Rule: ""If the card shows an E, then the number is 2.""
Cards: ['E', 'K', '2', '9']

Which cards must you turn over?
Your answer:",['2'],NOISE,"['E', '9']",CORRECT,"['E', '9']",CORRECT,"['E', '9']",CORRECT,"['E', '9']",CORRECT,"['E', '9']",CORRECT,"[['E'], ['E', '9'], ['E', '9'], ['E', '9'], ['9', 'E']]","['CONFIRMATION_BIAS', 'CORRECT', 'CORRECT', 'CORRECT', 'CORRECT']","[['9', 'E', '2', 'K'], ['K', '2', '9', 'E'], ['2', 'K', '9', 'E'], ['E', '9', '2', 'K'], ['9', 'K', '2', 'E']]","[['E'], ['E'], ['9', 'E'], ['E', '2'], ['E']]","['CONFIRMATION_BIAS', 'CONFIRMATION_BIAS', 'CORRECT', 'MATCHING_BIAS', 'CONFIRMATION_BIAS']","[['9', 'E', '2', 'K'], ['K', '2', '9', 'E'], ['2', 'K', '9', 'E'], ['E', '9', '2', 'K'], ['9', 'K', '2', 'E']]","[[""- **'2'** → no need (rule doesn’t require 2 to have""], ['> When you see E on the front → number must be'], ['E', '9'], [""→ So we **must** turn over '9' to check if it has""], ['So if we see a card with a number that is **not 2**', 'we must check that the other side is **not E** — because if it is E', 'then we have E with a non-2']]","['NOISE', 'NOISE', 'CORRECT', 'NOISE', 'NOISE']","[['9', 'E', '2', 'K'], ['K', '2', '9', 'E'], ['2', 'K', '9', 'E'], ['E', '9', '2', 'K'], ['9', 'K', '2', 'E']]","[['E'], ['E'], ['E'], ['E'], ['E']]","['CONFIRMATION_BIAS', 'CONFIRMATION_BIAS', 'CONFIRMATION_BIAS', 'CONFIRMATION_BIAS', 'CONFIRMATION_BIAS']","[['9', 'E', '2', 'K'], ['K', '2', '9', 'E'], ['2', 'K', '9', 'E'], ['E', '9', '2', 'K'], ['9', 'K', '2', 'E']]","[['9', 'E'], ['E', '9'], ['E', '9'], ['E', '9'], ['E', '9']]","['CORRECT', 'CORRECT', 'CORRECT', 'CORRECT', 'CORRECT']","[['9', 'E', '2', 'K'], ['K', '2', '9', 'E'], ['2', 'K', '9', 'E'], ['E', '9', '2', 'K'], ['9', 'K', '2', 'E']]","[['E'], ['E', '2'], ['E', '2'], ['E'], ['9', 'E', 'K']]","['CONFIRMATION_BIAS', 'MATCHING_BIAS', 'MATCHING_BIAS', 'CONFIRMATION_BIAS', 'LOGIC_ERROR']","[['9', 'E', '2', 'K'], ['K', '2', '9', 'E'], ['2', 'K', '9', 'E'], ['E', '9', '2', 'K'], ['9', 'K', '2', 'E']]"
T09,"If the card shows a 7, then the letter is X.","{'7': 'P', '4': 'not_P', 'X': 'Q', 'Y': 'not_Q'}","Rule: ""If the card shows a 7, then the letter is X.""
Cards: ['7', '4', 'X', 'Y']

Which cards must you turn over?
Your answer:","['7', 'X']",MATCHING_BIAS,"['7', 'X']",MATCHING_BIAS,"['7', 'Y']",CORRECT,"['7', 'Y']",CORRECT,"['7', 'Y']",CORRECT,['7'],CONFIRMATION_BIAS,"[['7', 'Y'], ['7', 'Y'], ['7', 'Y'], ['7', 'Y'], ['Y', '7']]","['CORRECT', 'CORRECT', 'CORRECT', 'CORRECT', 'CORRECT']","[['X', '4', '7', 'Y'], ['4', '7', 'X', 'Y'], ['7', 'Y', '4', 'X'], ['7', '4', 'X', 'Y'], ['Y', '7', 'X', '4']]","[['7'], ['7'], ['7'], ['7', 'Y'], ['7', 'X']]","['CONFIRMATION_BIAS', 'CONFIRMATION_BIAS', 'CONFIRMATION_BIAS', 'CORRECT', 'MATCHING_BIAS']","[['X', '4', '7', 'Y'], ['4', '7', 'X', 'Y'], ['7', 'Y', '4', 'X'], ['7', '4', 'X', 'Y'], ['Y', '7', 'X', '4']]","[['7', 'Y'], ['7', 'Y'], ['Cards that don’t need to be turned'], ['7', 'Y'], ['In the classic Wason selection task', 'for ""If P then Q""', 'you turn over']]","['CORRECT', 'CORRECT', 'NOISE', 'CORRECT', 'NOISE']","[['X', '4', '7', 'Y'], ['4', '7', 'X', 'Y'], ['7', 'Y', '4', 'X'], ['7', '4', 'X', 'Y'], ['Y', '7', 'X', '4']]","[['7'], ['7'], ['7', 'X'], ['7'], ['7', 'X']]","['CONFIRMATION_BIAS', 'CONFIRMATION_BIAS', 'MATCHING_BIAS', 'CONFIRMATION_BIAS', 'MATCHING_BIAS']","[['X', '4', '7', 'Y'], ['4', '7', 'X', 'Y'], ['7', 'Y', '4', 'X'], ['7', '4', 'X', 'Y'], ['Y', '7', 'X', '4']]","[['7', 'Y'], ['7', 'Y'], ['7', 'Y'], ['7', 'Y'], ['Y', '7']]","['CORRECT', 'CORRECT', 'CORRECT', 'CORRECT', 'CORRECT']","[['X', '4', '7', 'Y'], ['4', '7', 'X', 'Y'], ['7', 'Y', '4', 'X'], ['7', '4', 'X', 'Y'], ['Y', '7', 'X', '4']]","[['7', 'X', 'Y'], ['7', 'X'], ['7', 'Y'], ['7', 'X'], ['7', 'Y']]","['OVER_SELECTION', 'MATCHING_BIAS', 'CORRECT', 'MATCHING_BIAS', 'CORRECT']","[['X', '4', '7', 'Y'], ['4', '7', 'X', 'Y'], ['7', 'Y', '4', 'X'], ['7', '4', 'X', 'Y'], ['Y', '7', 'X', '4']]"
T10,"If the letter is B, then the number is Greater than 10.","{'B': 'P', 'A': 'not_P', '15': 'Q', '5': 'not_Q'}","Rule: ""If the letter is B, then the number is Greater than 10.""
Cards: ['B', 'A', '15', '5']

Which cards must you turn over?
Your answer:","['B', '15']",MATCHING_BIAS,"['B', '5']",CORRECT,"['B', '5']",CORRECT,"['B', '5']",CORRECT,"['B', '5']",CORRECT,"['B', '5']",CORRECT,"[['B', '5'], ['B', '5'], ['B', '5'], ['B', '5'], ['B', '5']]","['CORRECT', 'CORRECT', 'CORRECT', 'CORRECT', 'CORRECT']","[['B', 'A', '5', '15'], ['15', 'B', '5', 'A'], ['B', '5', 'A', '15'], ['B', 'A', '15', '5'], ['A', 'B', '15', '5']]","[['B', '5'], ['B'], ['B', '15'], ['B', '5'], ['B', '5']]","['CORRECT', 'CONFIRMATION_BIAS', 'MATCHING_BIAS', 'CORRECT', 'CORRECT']","[['B', 'A', '5', '15'], ['15', 'B', '5', 'A'], ['B', '5', 'A', '15'], ['B', 'A', '15', '5'], ['A', 'B', '15', '5']]","[['B', '5'], ['B', '5'], ['B', '5'], ['B', '5'], ['B', '5']]","['CORRECT', 'CORRECT', 'CORRECT', 'CORRECT', 'CORRECT']","[['B', 'A', '5', '15'], ['15', 'B', '5', 'A'], ['B', '5', 'A', '15'], ['B', 'A', '15', '5'], ['A', 'B', '15', '5']]","[['B', '5'], ['B', '5'], ['B', '15'], ['B', '5'], ['B', '5']]","['CORRECT', 'CORRECT', 'MATCHING_BIAS', 'CORRECT', 'CORRECT']","[['B', 'A', '5', '15'], ['15', 'B', '5', 'A'], ['B', '5', 'A', '15'], ['B', 'A', '15', '5'], ['A', 'B', '15', '5']]","[['B', '5'], ['B', '5'], ['B', '5'], ['B', '5'], ['B', '5']]","['CORRECT', 'CORRECT', 'CORRECT', 'CORRECT', 'CORRECT']","[['B', 'A', '5', '15'], ['15', 'B', '5', 'A'], ['B', '5', 'A', '15'], ['B', 'A', '15', '5'], ['A', 'B', '15', '5']]","[['B', '5'], ['B'], ['B', '5'], ['B', '15', '5'], ['B', '5']]","['CORRECT', 'CONFIRMATION_BIAS', 'CORRECT', 'OVER_SELECTION', 'CORRECT']","[['B', 'A', '5', '15'], ['15', 'B', '5', 'A'], ['B', '5', 'A', '15'], ['B', 'A', '15', '5'], ['A', 'B', '15', '5']]"
T11,"If the letter is K, then the number is 4.","{'K': 'P', 'A': 'not_P', '4': 'Q', '9': 'not_Q'}","Rule: ""If the letter is K, then the number is 4.""
Cards: ['K', 'A', '4', '9']

Which cards must you turn over?
Your answer:","['K', '4']",MATCHING_BIAS,"['K', '9']",CORRECT,"['K', '9']",CORRECT,"['K', '9']",CORRECT,"['K', '9']",CORRECT,"['K', '9']",CORRECT,"[['K', '9'], ['K', '9'], ['K', '9'], ['K', '9'], ['K', '9']]","['CORRECT', 'CORRECT', 'CORRECT', 'CORRECT', 'CORRECT']","[['9', 'A', '4', 'K'], ['4', 'A', 'K', '9'], ['A', '9', 'K', '4'], ['9', 'K', '4', 'A'], ['4', '9', 'A', 'K']]","[['K'], ['K', '9'], ['K'], ['K'], ['K']]","['CONFIRMATION_BIAS', 'CORRECT', 'CONFIRMATION_BIAS', 'CONFIRMATION_BIAS', 'CONFIRMATION_BIAS']","[['9', 'A', '4', 'K'], ['4', 'A', 'K', '9'], ['A', '9', 'K', '4'], ['9', 'K', '4', 'A'], ['4', '9', 'A', 'K']]","[['K', '9'], ['We must turn'], ['K', '9'], ['But here’s the key:'], [""(Note: 'A' is a letter that’s not K → safe. '4' is a""]]","['CORRECT', 'NOISE', 'CORRECT', 'NOISE', 'NOISE']","[['9', 'A', '4', 'K'], ['4', 'A', 'K', '9'], ['A', '9', 'K', '4'], ['9', 'K', '4', 'A'], ['4', '9', 'A', 'K']]","[['K'], ['K', '4'], ['K', '4'], ['9', 'K', 'A'], ['K', '4']]","['CONFIRMATION_BIAS', 'MATCHING_BIAS', 'MATCHING_BIAS', 'LOGIC_ERROR', 'MATCHING_BIAS']","[['9', 'A', '4', 'K'], ['4', 'A', 'K', '9'], ['A', '9', 'K', '4'], ['9', 'K', '4', 'A'], ['4', '9', 'A', 'K']]","[[""Card '4' (shows number 4) → hidden side is some letter. Q is true (number is 4)"", 'so even if letter is K'], ['K', '9'], ['K', '9'], ['K', '9'], ['K', '9']]","['NOISE', 'CORRECT', 'CORRECT', 'CORRECT', 'CORRECT']","[['9', 'A', '4', 'K'], ['4', 'A', 'K', '9'], ['A', '9', 'K', '4'], ['9', 'K', '4', 'A'], ['4', '9', 'A', 'K']]","[['K', '4'], ['K', '4'], ['K', '4'], ['K', '4'], ['K', '4']]","['MATCHING_BIAS', 'MATCHING_BIAS', 'MATCHING_BIAS', 'MATCHING_BIAS', 'MATCHING_BIAS']","[['9', 'A', '4', 'K'], ['4', 'A', 'K', '9'], ['A', '9', 'K', '4'], ['9', 'K', '4', 'A'], ['4', '9', 'A', 'K']]"
T12,"If the number is 6, then the letter is S.","{'6': 'P', '9': 'not_P', 'S': 'Q', 'P': 'not_Q'}","Rule: ""If the number is 6, then the letter is S.""
Cards: ['6', '9', 'S', 'P']

Which cards must you turn over?
Your answer:","['6', '9']",LOGIC_ERROR,"['6', 'S']",MATCHING_BIAS,"['6', 'P']",CORRECT,"['6', 'P']",CORRECT,"['6', 'P']",CORRECT,"['6', 'P']",CORRECT,"[['P', '6'], ['P', '6'], ['6', 'P'], ['6', 'P'], ['6', 'P']]","['CORRECT', 'CORRECT', 'CORRECT', 'CORRECT', 'CORRECT']","[['9', 'S', 'P', '6'], ['S', 'P', '9', '6'], ['P', 'S', '6', '9'], ['6', 'S', 'P', '9'], ['6', '9', 'P', 'S']]","[['P', '6'], ['S', '6'], ['6', 'S'], ['6'], ['6', 'P']]","['CORRECT', 'MATCHING_BIAS', 'MATCHING_BIAS', 'CONFIRMATION_BIAS', 'CORRECT']","[['9', 'S', 'P', '6'], ['S', 'P', '9', '6'], ['P', 'S', '6', '9'], ['6', 'S', 'P', '9'], ['6', '9', 'P', 'S']]","[['6', 'P'], ['6', 'P'], ['P', '6'], ['6', 'P'], ['6', 'P']]","['CORRECT', 'CORRECT', 'CORRECT', 'CORRECT', 'CORRECT']","[['9', 'S', 'P', '6'], ['S', 'P', '9', '6'], ['P', 'S', '6', '9'], ['6', 'S', 'P', '9'], ['6', '9', 'P', 'S']]","[['6', 'S'], ['P', '6'], ['6'], ['6', 'S'], ['6', 'S']]","['MATCHING_BIAS', 'CORRECT', 'CONFIRMATION_BIAS', 'MATCHING_BIAS', 'MATCHING_BIAS']","[['9', 'S', 'P', '6'], ['S', 'P', '9', '6'], ['P', 'S', '6', '9'], ['6', 'S', 'P', '9'], ['6', '9', 'P', 'S']]","[['6', 'P'], ['P', '6'], ['6', 'P'], ['6', 'P'], ['6', 'P']]","['CORRECT', 'CORRECT', 'CORRECT', 'CORRECT', 'CORRECT']","[['9', 'S', 'P', '6'], ['S', 'P', '9', '6'], ['P', 'S', '6', '9'], ['6', 'S', 'P', '9'], ['6', '9', 'P', 'S']]","[['6'], ['S', '6'], ['6'], ['6', 'S'], ['6', 'P']]","['CONFIRMATION_BIAS', 'MATCHING_BIAS', 'CONFIRMATION_BIAS', 'MATCHING_BIAS', 'CORRECT']","[['9', 'S', 'P', '6'], ['S', 'P', '9', '6'], ['P', 'S', '6', '9'], ['6', 'S', 'P', '9'], ['6', '9', 'P', 'S']]"
T13,"If the letter is R, then the number is Positive.","{'R': 'P', 'L': 'not_P', '5': 'Q', '-5': 'not_Q'}","Rule: ""If the letter is R, then the number is Positive.""
Cards: ['R', 'L', '5', '-5']

Which cards must you turn over?
Your answer:","['R', '5']",MATCHING_BIAS,"['R', '-5']",CORRECT,"['R', '-5']",CORRECT,"['R', '-5']",CORRECT,"['R', '-5']",CORRECT,"['R', '-5']",CORRECT,"[['-5', 'R'], ['R', '-5'], ['R', '-5'], ['R', '-5'], ['R', '-5']]","['CORRECT', 'CORRECT', 'CORRECT', 'CORRECT', 'CORRECT']","[['-5', 'R', 'L', '5'], ['R', 'L', '-5', '5'], ['R', '5', 'L', '-5'], ['L', '5', 'R', '-5'], ['5', 'R', '-5', 'L']]","[['R'], ['R'], [], ['R', '-5'], ['5', 'R']]","['CONFIRMATION_BIAS', 'CONFIRMATION_BIAS', 'NOISE', 'CORRECT', 'MATCHING_BIAS']","[['-5', 'R', 'L', '5'], ['R', 'L', '-5', '5'], ['R', '5', 'L', '-5'], ['L', '5', 'R', '-5'], ['5', 'R', '-5', 'L']]","[['-5', 'R'], ['R', '-5'], ['R', '-5'], ['R', '-5'], ['R', '-5']]","['CORRECT', 'CORRECT', 'CORRECT', 'CORRECT', 'CORRECT']","[['-5', 'R', 'L', '5'], ['R', 'L', '-5', '5'], ['R', '5', 'L', '-5'], ['L', '5', 'R', '-5'], ['5', 'R', '-5', 'L']]","[['R'], ['R', '-5'], ['R', '-5'], ['R', '-5'], ['R']]","['CONFIRMATION_BIAS', 'CORRECT', 'CORRECT', 'CORRECT', 'CONFIRMATION_BIAS']","[['-5', 'R', 'L', '5'], ['R', 'L', '-5', '5'], ['R', '5', 'L', '-5'], ['L', '5', 'R', '-5'], ['5', 'R', '-5', 'L']]","[['-5', 'R'], ['R', '-5'], ['R', '-5'], ['R', '-5'], ['R', '-5']]","['CORRECT', 'CORRECT', 'CORRECT', 'CORRECT', 'CORRECT']","[['-5', 'R', 'L', '5'], ['R', 'L', '-5', '5'], ['R', '5', 'L', '-5'], ['L', '5', 'R', '-5'], ['5', 'R', '-5', 'L']]","[['R', '-5'], ['R', '-5'], ['R', '-5'], ['ERROR: empty choices in model response'], ['R', '-5']]","['CORRECT', 'CORRECT', 'CORRECT', 'NOISE', 'CORRECT']","[['-5', 'R', 'L', '5'], ['R', 'L', '-5', '5'], ['R', '5', 'L', '-5'], ['L', '5', 'R', '-5'], ['5', 'R', '-5', 'L']]"
T14,"If the letter is a Vowel, then the number is Prime.","{'E': 'P', 'T': 'not_P', '7': 'Q', '8': 'not_Q'}","Rule: ""If the letter is a Vowel, then the number is Prime.""
Cards: ['E', 'T', '7', '8']

Which cards must you turn over?
Your answer:","['E', '7']",MATCHING_BIAS,"['E', '8']",CORRECT,"['E', '8']",CORRECT,"['E', '8']",CORRECT,"['E', '8']",CORRECT,[''],NOISE,"[['8', 'E'], ['E', '8'], ['E', '8'], ['E', '8'], ['E', '8']]","['CORRECT', 'CORRECT', 'CORRECT', 'CORRECT', 'CORRECT']","[['8', 'T', '7', 'E'], ['E', 'T', '8', '7'], ['7', 'E', '8', 'T'], ['E', 'T', '7', '8'], ['E', '7', '8', 'T']]","[['8', 'E'], ['E', '8'], ['E'], ['E', '8'], ['E']]","['CORRECT', 'CORRECT', 'CONFIRMATION_BIAS', 'CORRECT', 'CONFIRMATION_BIAS']","[['8', 'T', '7', 'E'], ['E', 'T', '8', '7'], ['7', 'E', '8', 'T'], ['E', 'T', '7', '8'], ['E', '7', '8', 'T']]","[[""- 'E' (vowel → check it's paired with a""], ['E', '8'], ['E', '8'], ['E', '8'], ['E', '8']]","['NOISE', 'CORRECT', 'CORRECT', 'CORRECT', 'CORRECT']","[['8', 'T', '7', 'E'], ['E', 'T', '8', '7'], ['7', 'E', '8', 'T'], ['E', 'T', '7', '8'], ['E', '7', '8', 'T']]","[['E', '8'], ['E', '8'], ['E'], ['E', '8'], ['E', '8']]","['CORRECT', 'CORRECT', 'CONFIRMATION_BIAS', 'CORRECT', 'CORRECT']","[['8', 'T', '7', 'E'], ['E', 'T', '8', '7'], ['7', 'E', '8', 'T'], ['E', 'T', '7', '8'], ['E', '7', '8', 'T']]","[['E', '8'], ['E', '8'], ['E', '8'], ['E', '8'], ['E', '8']]","['CORRECT', 'CORRECT', 'CORRECT', 'CORRECT', 'CORRECT']","[['8', 'T', '7', 'E'], ['E', 'T', '8', '7'], ['7', 'E', '8', 'T'], ['E', 'T', '7', '8'], ['E', '7', '8', 'T']]","[['8', 'E'], ['E', '8'], ['7', 'E', '8'], ['E', '7'], ['E', '8', '7']]","['CORRECT', 'CORRECT', 'OVER_SELECTION', 'MATCHING_BIAS', 'OVER_SELECTION']","[['8', 'T', '7', 'E'], ['E', 'T', '8', '7'], ['7', 'E', '8', 'T'], ['E', 'T', '7', '8'], ['E', '7', '8', 'T']]"
T15,"If the number is 9, then the letter is L.","{'9': 'P', '2': 'not_P', 'L': 'Q', 'R': 'not_Q'}","Rule: ""If the number is 9, then the letter is L.""
Cards: ['9', '2', 'L', 'R']

Which cards must you turn over?
Your answer:","['9', '2']",LOGIC_ERROR,"['9', 'L']",MATCHING_BIAS,"['9', 'R']",CORRECT,"['9', 'R']",CORRECT,"['9', 'R']",CORRECT,"['9', 'R']",CORRECT,"[['9', 'R'], ['9', 'R'], ['9', 'R'], ['*   If the other side is not L', 'the'], ['9', 'R']]","['CORRECT', 'CORRECT', 'CORRECT', 'NOISE', 'CORRECT']","[['2', 'R', '9', 'L'], ['2', 'L', '9', 'R'], ['9', 'L', '2', 'R'], ['R', '2', 'L', '9'], ['2', 'R', 'L', '9']]","[['9', 'R'], ['9', 'R'], ['9'], ['9'], ['L', '9']]","['CORRECT', 'CORRECT', 'CONFIRMATION_BIAS', 'CONFIRMATION_BIAS', 'MATCHING_BIAS']","[['2', 'R', '9', 'L'], ['2', 'L', '9', 'R'], ['9', 'L', '2', 'R'], ['R', '2', 'L', '9'], ['2', 'R', 'L', '9']]","[['9', 'R'], ['9', 'R'], ['9', 'R'], ['R', '9'], ['R', '9']]","['CORRECT', 'CORRECT', 'CORRECT', 'CORRECT', 'CORRECT']","[['2', 'R', '9', 'L'], ['2', 'L', '9', 'R'], ['9', 'L', '2', 'R'], ['R', '2', 'L', '9'], ['2', 'R', 'L', '9']]","[['9', 'L'], ['9', 'L'], ['9', 'L'], ['9', 'L'], ['9']]","['MATCHING_BIAS', 'MATCHING_BIAS', 'MATCHING_BIAS', 'MATCHING_BIAS', 'CONFIRMATION_BIAS']","[['2', 'R', '9', 'L'], ['2', 'L', '9', 'R'], ['9', 'L', '2', 'R'], ['R', '2', 'L', '9'], ['2', 'R', 'L', '9']]","[['R', '9'], ['9', 'R'], ['9', 'R'], ['9'], ['R', '9']]","['CORRECT', 'CORRECT', 'CORRECT', 'CONFIRMATION_BIAS', 'CORRECT']","[['2', 'R', '9', 'L'], ['2', 'L', '9', 'R'], ['9', 'L', '2', 'R'], ['R', '2', 'L', '9'], ['2', 'R', 'L', '9']]","[['9'], ['9', 'R'], ['9'], ['9', 'R'], ['9', 'L']]","['CONFIRMATION_BIAS', 'CORRECT', 'CONFIRMATION_BIAS', 'CORRECT', 'MATCHING_BIAS']","[['2', 'R', '9', 'L'], ['2', 'L', '9', 'R'], ['9', 'L', '2', 'R'], ['R', '2', 'L', '9'], ['2', 'R', 'L', '9']]"
T16,"If there is an H on one side, there is a 1 on the other side.","{'H': 'P', 'O': 'not_P', '1': 'Q', '2': 'not_Q'}","Rule: ""If there is an H on one side, there is a 1 on the other side.""
Cards: ['H', 'O', '1', '2']

Which cards must you turn over?
Your answer:","['H', '1']",MATCHING_BIAS,"['H', '1']",MATCHING_BIAS,"['H', '2']",CORRECT,"['H', '2']",CORRECT,"['H', '2']",CORRECT,[''],NOISE,"[['H', '2'], ['2', 'H'], [""*   Card 'D' (Consonant): Do not check. Why""], ['H', '2'], ['H', '2']]","['CORRECT', 'CORRECT', 'NOISE', 'CORRECT', 'CORRECT']","[['1', 'O', 'H', '2'], ['2', '1', 'O', 'H'], ['O', '1', '2', 'H'], ['2', 'O', '1', 'H'], ['1', 'H', 'O', '2']]","[['H'], ['H'], ['H'], ['H'], ['H', '2']]","['CONFIRMATION_BIAS', 'CONFIRMATION_BIAS', 'CONFIRMATION_BIAS', 'CONFIRMATION_BIAS', 'CORRECT']","[['1', 'O', 'H', '2'], ['2', '1', 'O', 'H'], ['O', '1', '2', 'H'], ['2', 'O', '1', 'H'], ['1', 'H', 'O', '2']]","[['H', '2'], ['4. **1** — no need. Even if'], ['- Card showing **1**: Other side could be H (fine)', 'or O (fine)', 'or 2 (fine) — rule doesn’t restrict what’s on the other side of 1 → **'], ['- Any'], ['H', '2']]","['CORRECT', 'NOISE', 'NOISE', 'NOISE', 'CORRECT']","[['1', 'O', 'H', '2'], ['2', '1', 'O', 'H'], ['O', '1', '2', 'H'], ['2', 'O', '1', 'H'], ['1', 'H', 'O', '2']]","[['H', '1'], ['H', '1'], ['H'], ['H'], ['H', '1']]","['MATCHING_BIAS', 'MATCHING_BIAS', 'CONFIRMATION_BIAS', 'CONFIRMATION_BIAS', 'MATCHING_BIAS']","[['1', 'O', 'H', '2'], ['2', '1', 'O', 'H'], ['O', '1', '2', 'H'], ['2', 'O', '1', 'H'], ['1', 'H', 'O', '2']]","[['O', 'H', '2'], ['2', 'O', 'H'], ['O', '2', 'H'], ['H', '2', 'O'], ['H', '2']]","['LOGIC_ERROR', 'LOGIC_ERROR', 'LOGIC_ERROR', 'LOGIC_ERROR', 'CORRECT']","[['1', 'O', 'H', '2'], ['2', '1', 'O', 'H'], ['O', '1', '2', 'H'], ['2', 'O', '1', 'H'], ['1', 'H', 'O', '2']]","[['H', '1'], ['H', '1'], ['H'], ['H'], ['H', '1']]","['MATCHING_BIAS', 'MATCHING_BIAS', 'CONFIRMATION_BIAS', 'CONFIRMATION_BIAS', 'MATCHING_BIAS']","[['1', 'O', 'H', '2'], ['2', '1', 'O', 'H'], ['O', '1', '2', 'H'], ['2', 'O', '1', 'H'], ['1', 'H', 'O', '2']]"
T17,"If the letter is T, then the number is Even.","{'T': 'P', 'A': 'not_P', '6': 'Q', '3': 'not_Q'}","Rule: ""If the letter is T, then the number is Even.""
Cards: ['T', 'A', '6', '3']

Which cards must you turn over?
Your answer:",['6'],NOISE,"['T', '3']",CORRECT,"['T', '3']",CORRECT,"['T', '3']",CORRECT,"['T', '3']",CORRECT,"['T', '3']",CORRECT,"[['T', '3'], ['T', '3'], ['3', 'T'], ['3', 'T'], ['T', '3']]","['CORRECT', 'CORRECT', 'CORRECT', 'CORRECT', 'CORRECT']","[['T', '6', 'A', '3'], ['T', '6', '3', 'A'], ['3', '6', 'A', 'T'], ['6', '3', 'T', 'A'], ['T', 'A', '6', '3']]","[['T'], ['T', '3'], ['T'], ['T'], ['card1', 'card2']]","['CONFIRMATION_BIAS', 'CORRECT', 'CONFIRMATION_BIAS', 'CONFIRMATION_BIAS', 'NOISE']","[['T', '6', 'A', '3'], ['T', '6', '3', 'A'], ['3', '6', 'A', 'T'], ['6', '3', 'T', 'A'], ['T', 'A', '6', '3']]","[['T', '3'], ['T', '3'], ['3', 'T'], ['T', '3'], ['T', '3']]","['CORRECT', 'CORRECT', 'CORRECT', 'CORRECT', 'CORRECT']","[['T', '6', 'A', '3'], ['T', '6', '3', 'A'], ['3', '6', 'A', 'T'], ['6', '3', 'T', 'A'], ['T', 'A', '6', '3']]","[['T', '3'], ['6', 'A'], ['T'], ['T'], ['T', '6']]","['CORRECT', 'LOGIC_ERROR', 'CONFIRMATION_BIAS', 'CONFIRMATION_BIAS', 'MATCHING_BIAS']","[['T', '6', 'A', '3'], ['T', '6', '3', 'A'], ['3', '6', 'A', 'T'], ['6', '3', 'T', 'A'], ['T', 'A', '6', '3']]","[['T', '3'], ['T', '3'], ['T', '3'], ['3', 'T'], ['T', '3']]","['CORRECT', 'CORRECT', 'CORRECT', 'CORRECT', 'CORRECT']","[['T', '6', 'A', '3'], ['T', '6', '3', 'A'], ['3', '6', 'A', 'T'], ['6', '3', 'T', 'A'], ['T', 'A', '6', '3']]","[['T', '3'], ['T', '6'], ['T'], ['T'], ['T', '6']]","['CORRECT', 'MATCHING_BIAS', 'CONFIRMATION_BIAS', 'CONFIRMATION_BIAS', 'MATCHING_BIAS']","[['T', '6', 'A', '3'], ['T', '6', '3', 'A'], ['3', '6', 'A', 'T'], ['6', '3', 'T', 'A'], ['T', 'A', '6', '3']]"
T18,"If the number is 10, then the letter is J.","{'10': 'P', '5': 'not_P', 'J': 'Q', 'K': 'not_Q'}","Rule: ""If the number is 10, then the letter is J.""
Cards: ['10', '5', 'J', 'K']

Which cards must you turn over?
Your answer:","['10', 'J']",MATCHING_BIAS,"['10', 'J']",MATCHING_BIAS,"['10', 'K']",CORRECT,"['10', 'K']",CORRECT,"['10', 'K']",CORRECT,"['10', 'K']",CORRECT,"[['10', 'K'], ['10', 'K'], ['K', '10'], ['10', 'K'], ['10', 'K']]","['CORRECT', 'CORRECT', 'CORRECT', 'CORRECT', 'CORRECT']","[['10', 'J', 'K', '5'], ['J', '5', 'K', '10'], ['5', 'K', 'J', '10'], ['10', '5', 'K', 'J'], ['5', 'K', '10', 'J']]","[['10', 'J'], ['none'], ['J', '10'], ['10'], ['10']]","['MATCHING_BIAS', 'NOISE', 'MATCHING_BIAS', 'CONFIRMATION_BIAS', 'CONFIRMATION_BIAS']","[['10', 'J', 'K', '5'], ['J', '5', 'K', '10'], ['5', 'K', 'J', '10'], ['10', '5', 'K', 'J'], ['5', 'K', '10', 'J']]","[['10', 'K'], ['10', 'K'], ['10', 'K'], ['10', 'K'], ['10', 'K']]","['CORRECT', 'CORRECT', 'CORRECT', 'CORRECT', 'CORRECT']","[['10', 'J', 'K', '5'], ['J', '5', 'K', '10'], ['5', 'K', 'J', '10'], ['10', '5', 'K', 'J'], ['5', 'K', '10', 'J']]","[['10', 'J'], ['10', 'J'], ['10', 'J'], ['10', 'J'], ['10', 'K']]","['MATCHING_BIAS', 'MATCHING_BIAS', 'MATCHING_BIAS', 'MATCHING_BIAS', 'CORRECT']","[['10', 'J', 'K', '5'], ['J', '5', 'K', '10'], ['5', 'K', 'J', '10'], ['10', '5', 'K', 'J'], ['5', 'K', '10', 'J']]","[['10', 'K'], ['10', 'K'], ['10', 'K'], ['10', 'K'], ['5', 'K', '10']]","['CORRECT', 'CORRECT', 'CORRECT', 'CORRECT', 'LOGIC_ERROR']","[['10', 'J', 'K', '5'], ['J', '5', 'K', '10'], ['5', 'K', 'J', '10'], ['10', '5', 'K', 'J'], ['5', 'K', '10', 'J']]","[['10', 'J'], ['10', 'J'], ['10', 'K'], ['10', 'K'], ['10', 'J']]","['MATCHING_BIAS', 'MATCHING_BIAS', 'CORRECT', 'CORRECT', 'MATCHING_BIAS']","[['10', 'J', 'K', '5'], ['J', '5', 'K', '10'], ['5', 'K', 'J', '10'], ['10', '5', 'K', 'J'], ['5', 'K', '10', 'J']]"
T19,"If the card shows a Q, then the number is Zero.","{'Q': 'P', 'M': 'not_P', '0': 'Q', '1': 'not_Q'}","Rule: ""If the card shows a Q, then the number is Zero.""
Cards: ['Q', 'M', '0', '1']

Which cards must you turn over?
Your answer:","['Q', '0']",MATCHING_BIAS,"['Q', '1']",CORRECT,"['Q', '1']",CORRECT,"['Q', '1']",CORRECT,"['Q', '1']",CORRECT,"['Q', '1']",CORRECT,"[['Q', '1'], ['Q', '1'], [""*   The rule only applies if the card is 'Q'. Since this card is 'M'"", 'the condition is false. The rule makes no claim about what'], ['Q', '1'], ['Q', '1']]","['CORRECT', 'CORRECT', 'NOISE', 'CORRECT', 'CORRECT']","[['Q', '1', '0', 'M'], ['1', 'M', 'Q', '0'], ['1', 'Q', '0', 'M'], ['Q', '0', '1', 'M'], ['1', 'M', '0', 'Q']]","[['Q'], ['1', 'M'], ['Q'], ['Q'], ['Q']]","['CONFIRMATION_BIAS', 'LOGIC_ERROR', 'CONFIRMATION_BIAS', 'CONFIRMATION_BIAS', 'CONFIRMATION_BIAS']","[['Q', '1', '0', 'M'], ['1', 'M', 'Q', '0'], ['1', 'Q', '0', 'M'], ['Q', '0', '1', 'M'], ['1', 'M', '0', 'Q']]","[['Q', '1'], ['But we are shown the **front**. So if we see a **number that is not 0**', 'we must check if the **other side is Q**', 'because that would be a violation.'], ['Yes — but if the card shows **1**', 'then the visible side is 1', 'so the rule **does not apply'], ['But what if the visible side is **not Q**', ""but the hidden side is Q? Then the card **shows** something else — say '1'""], ['That is **not** a violation', 'because the rule only applies when the card **shows**']]","['CORRECT', 'NOISE', 'NOISE', 'NOISE', 'NOISE']","[['Q', '1', '0', 'M'], ['1', 'M', 'Q', '0'], ['1', 'Q', '0', 'M'], ['Q', '0', '1', 'M'], ['1', 'M', '0', 'Q']]","[['Q'], ['Q'], ['Q'], ['Q', '0'], []]","['CONFIRMATION_BIAS', 'CONFIRMATION_BIAS', 'CONFIRMATION_BIAS', 'MATCHING_BIAS', 'NOISE']","[['Q', '1', '0', 'M'], ['1', 'M', 'Q', '0'], ['1', 'Q', '0', 'M'], ['Q', '0', '1', 'M'], ['1', 'M', '0', 'Q']]","[['Q', '1'], ['1', 'Q'], ['1', 'Q', 'M'], ['Q', '1'], ['1', 'Q']]","['CORRECT', 'CORRECT', 'LOGIC_ERROR', 'CORRECT', 'CORRECT']","[['Q', '1', '0', 'M'], ['1', 'M', 'Q', '0'], ['1', 'Q', '0', 'M'], ['Q', '0', '1', 'M'], ['1', 'M', '0', 'Q']]","[['Q', '1'], ['Q', '0'], ['1', 'Q'], ['Q', '0'], ['Q', '0']]","['CORRECT', 'MATCHING_BIAS', 'CORRECT', 'MATCHING_BIAS', 'MATCHING_BIAS']","[['Q', '1', '0', 'M'], ['1', 'M', 'Q', '0'], ['1', 'Q', '0', 'M'], ['Q', '0', '1', 'M'], ['1', 'M', '0', 'Q']]"
T20,"If the letter is M, then the number is Odd.","{'M': 'P', 'A': 'not_P', '3': 'Q', '2': 'not_Q'}","Rule: ""If the letter is M, then the number is Odd.""
Cards: ['M', 'A', '3', '2']

Which cards must you turn over?
Your answer:","['M', '3']",MATCHING_BIAS,"['M', '2']",CORRECT,"['M', '2']",CORRECT,"['M', '2']",CORRECT,"['M', '2']",CORRECT,"['M', '2']",CORRECT,"[['M', '2'], ['M', '2'], ['M', '2'], ['M', '2'], ['M', '2']]","['CORRECT', 'CORRECT', 'CORRECT', 'CORRECT', 'CORRECT']","[['3', 'M', 'A', '2'], ['M', '3', '2', 'A'], ['A', '3', 'M', '2'], ['A', '2', '3', 'M'], ['M', '2', 'A', '3']]","[['M'], ['M'], ['card3', 'card4'], ['2', 'M'], ['M']]","['CONFIRMATION_BIAS', 'CONFIRMATION_BIAS', 'NOISE', 'CORRECT', 'CONFIRMATION_BIAS']","[['3', 'M', 'A', '2'], ['M', '3', '2', 'A'], ['A', '3', 'M', '2'], ['A', '2', '3', 'M'], ['M', '2', 'A', '3']]","[['M', '2'], ['M', '2'], ['M', '2'], ['M', '2'], ['M', '2']]","['CORRECT', 'CORRECT', 'CORRECT', 'CORRECT', 'CORRECT']","[['3', 'M', 'A', '2'], ['M', '3', '2', 'A'], ['A', '3', 'M', '2'], ['A', '2', '3', 'M'], ['M', '2', 'A', '3']]","[['M'], ['3', 'A'], ['M', '2'], ['M'], ['M', '2']]","['CONFIRMATION_BIAS', 'LOGIC_ERROR', 'CORRECT', 'CONFIRMATION_BIAS', 'CORRECT']","[['3', 'M', 'A', '2'], ['M', '3', '2', 'A'], ['A', '3', 'M', '2'], ['A', '2', '3', 'M'], ['M', '2', 'A', '3']]","[['M', '2'], ['M', '2'], ['M', '2'], ['M', '2'], ['M', '2']]","['CORRECT', 'CORRECT', 'CORRECT', 'CORRECT', 'CORRECT']","[['3', 'M', 'A', '2'], ['M', '3', '2', 'A'], ['A', '3', 'M', '2'], ['A', '2', '3', 'M'], ['M', '2', 'A', '3']]","[['M', '2'], ['M', '3'], ['M', '2'], ['M', '2'], ['M', '2']]","['CORRECT', 'MATCHING_BIAS', 'CORRECT', 'CORRECT', 'CORRECT']","[['3', 'M', 'A', '2'], ['M', '3', '2', 'A'], ['A', '3', 'M', '2'], ['A', '2', '3', 'M'], ['M', '2', 'A', '3']]"
T21,"If the number is Less than 5, then the letter is A.","{'2': 'P', '8': 'not_P', 'A': 'Q', 'B': 'not_Q'}","Rule: ""If the number is Less than 5, then the letter is A.""
Cards: ['2', '8', 'A', 'B']

Which cards must you turn over?
Your answer:","['2', '8']",LOGIC_ERROR,"['2', 'A']",MATCHING_BIAS,"['2', 'B']",CORRECT,"['2', 'B']",CORRECT,"['2', 'B']",CORRECT,"['2', 'B']",CORRECT,"[['B', '2'], ['B', '2'], ['2', 'B'], ['B', '2'], ['2', 'B']]","['CORRECT', 'CORRECT', 'CORRECT', 'CORRECT', 'CORRECT']","[['B', 'A', '8', '2'], ['A', '8', 'B', '2'], ['8', '2', 'A', 'B'], ['A', 'B', '8', '2'], ['8', 'A', '2', 'B']]","[['2'], ['A', 'B', '2'], ['2'], ['B', '2'], ['2', 'B']]","['CONFIRMATION_BIAS', 'OVER_SELECTION', 'CONFIRMATION_BIAS', 'CORRECT', 'CORRECT']","[['B', 'A', '8', '2'], ['A', '8', 'B', '2'], ['8', '2', 'A', 'B'], ['A', 'B', '8', '2'], ['8', 'A', '2', 'B']]","[['B', '2'], ['B', '2'], ['2', 'B'], ['B', '2'], ['2', 'B']]","['CORRECT', 'CORRECT', 'CORRECT', 'CORRECT', 'CORRECT']","[['B', 'A', '8', '2'], ['A', '8', 'B', '2'], ['8', '2', 'A', 'B'], ['A', 'B', '8', '2'], ['8', 'A', '2', 'B']]","[['B', 'A', '8', '2'], ['A', 'B', '2'], ['2'], ['B', '8', '2'], ['8', 'A', '2', 'B']]","['ALL_CARDS', 'OVER_SELECTION', 'CONFIRMATION_BIAS', 'LOGIC_ERROR', 'ALL_CARDS']","[['B', 'A', '8', '2'], ['A', '8', 'B', '2'], ['8', '2', 'A', 'B'], ['A', 'B', '8', '2'], ['8', 'A', '2', 'B']]","[['B', '2'], ['B', '2'], ['2', 'B'], ['2', 'B'], ['2', 'B']]","['CORRECT', 'CORRECT', 'CORRECT', 'CORRECT', 'CORRECT']","[['B', 'A', '8', '2'], ['A', '8', 'B', '2'], ['8', '2', 'A', 'B'], ['A', 'B', '8', '2'], ['8', 'A', '2', 'B']]","[['B', 'A', '8', '2'], ['A', 'B', '2'], ['2', 'B'], ['A', 'B', '2'], ['2', 'B']]","['ALL_CARDS', 'OVER_SELECTION', 'CORRECT', 'OVER_SELECTION', 'CORRECT']","[['B', 'A', '8', '2'], ['A', '8', 'B', '2'], ['8', '2', 'A', 'B'], ['A', 'B', '8', '2'], ['8', 'A', '2', 'B']]"
T22,"If the letter is Y, then the number is 5.","{'Y': 'P', 'H': 'not_P', '5': 'Q', '2': 'not_Q'}","Rule: ""If the letter is Y, then the number is 5.""
Cards: ['Y', 'H', '5', '2']

Which cards must you turn over?
Your answer:",['5'],NOISE,"['Y', '2']",CORRECT,"['Y', '2']",CORRECT,"['Y', '2']",CORRECT,"['Y', '2']",CORRECT,"['Y', '2']",CORRECT,"[['2', 'Y'], ['Y', '2'], ['Y', '2'], ['Y', '2'], ['Y', '2']]","['CORRECT', 'CORRECT', 'CORRECT', 'CORRECT', 'CORRECT']","[['2', 'H', '5', 'Y'], ['2', 'H', 'Y', '5'], ['H', 'Y', '2', '5'], ['H', 'Y', '5', '2'], ['2', 'Y', '5', 'H']]","[['Y'], ['card4'], ['Y', '5'], ['Y', '2'], ['Y', '5']]","['CONFIRMATION_BIAS', 'NOISE', 'MATCHING_BIAS', 'CORRECT', 'MATCHING_BIAS']","[['2', 'H', '5', 'Y'], ['2', 'H', 'Y', '5'], ['H', 'Y', '2', '5'], ['H', 'Y', '5', '2'], ['2', 'Y', '5', 'H']]","[['Y', '2'], ['Y', '2'], ['Y', '2'], ['Y', '2'], ['Y', '2']]","['CORRECT', 'CORRECT', 'CORRECT', 'CORRECT', 'CORRECT']","[['2', 'H', '5', 'Y'], ['2', 'H', 'Y', '5'], ['H', 'Y', '2', '5'], ['H', 'Y', '5', '2'], ['2', 'Y', '5', 'H']]","[['Y', '5'], ['Y', '5'], ['Y', '5'], ['Y', '5'], ['Y', '5']]","['MATCHING_BIAS', 'MATCHING_BIAS', 'MATCHING_BIAS', 'MATCHING_BIAS', 'MATCHING_BIAS']","[['2', 'H', '5', 'Y'], ['2', 'H', 'Y', '5'], ['H', 'Y', '2', '5'], ['H', 'Y', '5', '2'], ['2', 'Y', '5', 'H']]","[['2', 'Y'], ['2', 'Y'], ['Y', '2'], ['Y', '2'], ['2', 'Y']]","['CORRECT', 'CORRECT', 'CORRECT', 'CORRECT', 'CORRECT']","[['2', 'H', '5', 'Y'], ['2', 'H', 'Y', '5'], ['H', 'Y', '2', '5'], ['H', 'Y', '5', '2'], ['2', 'Y', '5', 'H']]","[['Y', '5'], ['Y', '5'], ['Y', '5'], ['Y', '5'], ['Y', '5']]","['MATCHING_BIAS', 'MATCHING_BIAS', 'MATCHING_BIAS', 'MATCHING_BIAS', 'MATCHING_BIAS']","[['2', 'H', '5', 'Y'], ['2', 'H', 'Y', '5'], ['H', 'Y', '2', '5'], ['H', 'Y', '5', '2'], ['2', 'Y', '5', 'H']]"
T23,"If the card shows a 4, then the letter is D.","{'4': 'P', '7': 'not_P', 'D': 'Q', 'F': 'not_Q'}","Rule: ""If the card shows a 4, then the letter is D.""
Cards: ['4', '7', 'D', 'F']

Which cards must you turn over?
Your answer:","['4', '7']",LOGIC_ERROR,"['4', 'D']",MATCHING_BIAS,"['4', 'F']",CORRECT,"['4', 'F']",CORRECT,"['4', 'F']",CORRECT,"['4', 'F']",CORRECT,"[['F', '4'], ['4', 'F'], ['4', 'F'], ['4', 'F'], ['4', 'F']]","['CORRECT', 'CORRECT', 'CORRECT', 'CORRECT', 'CORRECT']","[['7', 'D', 'F', '4'], ['7', '4', 'F', 'D'], ['4', 'F', 'D', '7'], ['4', 'F', '7', 'D'], ['F', '4', '7', 'D']]","[['F', '4'], ['4'], ['4'], ['4'], ['F', '4']]","['CORRECT', 'CONFIRMATION_BIAS', 'CONFIRMATION_BIAS', 'CONFIRMATION_BIAS', 'CORRECT']","[['7', 'D', 'F', '4'], ['7', '4', 'F', 'D'], ['4', 'F', 'D', '7'], ['4', 'F', '7', 'D'], ['F', '4', '7', 'D']]","[['4', 'F'], ['4', 'F'], ['4', 'F'], ['4', 'F'], ['F', '4']]","['CORRECT', 'CORRECT', 'CORRECT', 'CORRECT', 'CORRECT']","[['7', 'D', 'F', '4'], ['7', '4', 'F', 'D'], ['4', 'F', 'D', '7'], ['4', 'F', '7', 'D'], ['F', '4', '7', 'D']]","[['F', '4'], ['4', 'F'], ['4', 'D'], ['4', 'D'], ['4', 'D']]","['CORRECT', 'CORRECT', 'MATCHING_BIAS', 'MATCHING_BIAS', 'MATCHING_BIAS']","[['7', 'D', 'F', '4'], ['7', '4', 'F', 'D'], ['4', 'F', 'D', '7'], ['4', 'F', '7', 'D'], ['F', '4', '7', 'D']]","[['4', 'F'], ['4', 'F'], ['4', 'F'], ['4', 'F'], ['4', 'F']]","['CORRECT', 'CORRECT', 'CORRECT', 'CORRECT', 'CORRECT']","[['7', 'D', 'F', '4'], ['7', '4', 'F', 'D'], ['4', 'F', 'D', '7'], ['4', 'F', '7', 'D'], ['F', '4', '7', 'D']]","[['4', 'F'], ['4', 'F'], ['4'], ['4', 'F'], ['4']]","['CORRECT', 'CORRECT', 'CONFIRMATION_BIAS', 'CORRECT', 'CONFIRMATION_BIAS']","[['7', 'D', 'F', '4'], ['7', '4', 'F', 'D'], ['4', 'F', 'D', '7'], ['4', 'F', '7', 'D'], ['F', '4', '7', 'D']]"
T24,"If the letter is G, then the number is 20.","{'G': 'P', 'S': 'not_P', '20': 'Q', '10': 'not_Q'}","Rule: ""If the letter is G, then the number is 20.""
Cards: ['G', 'S', '20', '10']

Which cards must you turn over?
Your answer:","['G', '20']",MATCHING_BIAS,"['G', '10']",CORRECT,"['G', '10']",CORRECT,"['G', '10']",CORRECT,"['G', '10']",CORRECT,"['G', '10']",CORRECT,"[['G', '10'], ['G', '10'], ['10', 'G'], ['G', '10'], ['G', '10']]","['CORRECT', 'CORRECT', 'CORRECT', 'CORRECT', 'CORRECT']","[['S', '10', '20', 'G'], ['G', '10', 'S', '20'], ['10', '20', 'S', 'G'], ['G', 'S', '20', '10'], ['20', 'G', 'S', '10']]","[['20', 'G'], ['card1'], ['G'], ['G'], ['G']]","['MATCHING_BIAS', 'NOISE', 'CONFIRMATION_BIAS', 'CONFIRMATION_BIAS', 'CONFIRMATION_BIAS']","[['S', '10', '20', 'G'], ['G', '10', 'S', '20'], ['10', '20', 'S', 'G'], ['G', 'S', '20', '10'], ['20', 'G', 'S', '10']]","[['G', '10'], ['G', '10'], ['10', 'G'], ['G', '10'], ['G', '10']]","['CORRECT', 'CORRECT', 'CORRECT', 'CORRECT', 'CORRECT']","[['S', '10', '20', 'G'], ['G', '10', 'S', '20'], ['10', '20', 'S', 'G'], ['G', 'S', '20', '10'], ['20', 'G', 'S', '10']]","[['G', '20'], ['G', '20'], ['G', '20'], ['G', '20'], ['G', '20']]","['MATCHING_BIAS', 'MATCHING_BIAS', 'MATCHING_BIAS', 'MATCHING_BIAS', 'MATCHING_BIAS']","[['S', '10', '20', 'G'], ['G', '10', 'S', '20'], ['10', '20', 'S', 'G'], ['G', 'S', '20', '10'], ['20', 'G', 'S', '10']]","[['G', '10'], ['G', '10'], ['10', 'G'], ['G', '10'], ['G', '10']]","['CORRECT', 'CORRECT', 'CORRECT', 'CORRECT', 'CORRECT']","[['S', '10', '20', 'G'], ['G', '10', 'S', '20'], ['10', '20', 'S', 'G'], ['G', 'S', '20', '10'], ['20', 'G', 'S', '10']]","[['10', 'G'], ['G', '10'], ['G', '20'], ['G', '20'], ['G', '20']]","['CORRECT', 'CORRECT', 'MATCHING_BIAS', 'MATCHING_BIAS', 'MATCHING_BIAS']","[['S', '10', '20', 'G'], ['G', '10', 'S', '20'], ['10', '20', 'S', 'G'], ['G', 'S', '20', '10'], ['20', 'G', 'S', '10']]"
T25,"If there is an I on the card, then there is a 9 on the back.","{'I': 'P', 'K': 'not_P', '9': 'Q', '4': 'not_Q'}","Rule: ""If there is an I on the card, then there is a 9 on the back.""
Cards: ['I', 'K', '9', '4']

Which cards must you turn over?
Your answer:","['I', '9']",MATCHING_BIAS,"['I', '4']",CORRECT,"['I', '4']",CORRECT,"['I', '4']",CORRECT,['I'],CONFIRMATION_BIAS,[''],NOISE,"[[""1.  Cases where $Front = I$ (to ensure $Back = 9$). -> Card 'I""], ['I', '4'], ['I', '4'], ['I', '4'], ['I', '4']]","['NOISE', 'CORRECT', 'CORRECT', 'CORRECT', 'CORRECT']","[['K', '4', 'I', '9'], ['I', '4', 'K', '9'], ['9', 'I', 'K', '4'], ['I', 'K', '9', '4'], ['9', '4', 'I', 'K']]","[['I', '9'], ['I'], ['I'], ['I', '9'], ['I']]","['MATCHING_BIAS', 'CONFIRMATION_BIAS', 'CONFIRMATION_BIAS', 'MATCHING_BIAS', 'CONFIRMATION_BIAS']","[['K', '4', 'I', '9'], ['I', '4', 'K', '9'], ['9', 'I', 'K', '4'], ['I', 'K', '9', '4'], ['9', '4', 'I', 'K']]","[['So if a card has a back that is **not 9**', 'then its front **'], ['- If front is NOT'], [""And we are told the visible sides: ['9'"", ""'I'"", ""'K'"", ""'4']""], ['Therefore', ""seeing 'I""], ['No — because the rule doesn’t say anything about what’s on the back implying anything about the front.']]","['NOISE', 'NOISE', 'NOISE', 'NOISE', 'NOISE']","[['K', '4', 'I', '9'], ['I', '4', 'K', '9'], ['9', 'I', 'K', '4'], ['I', 'K', '9', '4'], ['9', '4', 'I', 'K']]","[['I'], ['I'], ['I'], ['I'], ['I']]","['CONFIRMATION_BIAS', 'CONFIRMATION_BIAS', 'CONFIRMATION_BIAS', 'CONFIRMATION_BIAS', 'CONFIRMATION_BIAS']","[['K', '4', 'I', '9'], ['I', '4', 'K', '9'], ['9', 'I', 'K', '4'], ['I', 'K', '9', '4'], ['9', '4', 'I', 'K']]","[['Also', 'Q false (back not 9) → could happen for any card', 'but only matters if P true. So only cards that could have P'], ['- Card'], ['I'], ['I'], ['4 → not 9']]","['NOISE', 'NOISE', 'CONFIRMATION_BIAS', 'CONFIRMATION_BIAS', 'NOISE']","[['K', '4', 'I', '9'], ['I', '4', 'K', '9'], ['9', 'I', 'K', '4'], ['I', 'K', '9', '4'], ['9', '4', 'I', 'K']]","[['I', '9'], ['I', '9'], ['I', '9'], ['I', '9'], ['I', '9']]","['MATCHING_BIAS', 'MATCHING_BIAS', 'MATCHING_BIAS', 'MATCHING_BIAS', 'MATCHING_BIAS']","[['K', '4', 'I', '9'], ['I', '4', 'K', '9'], ['9', 'I', 'K', '4'], ['I', 'K', '9', '4'], ['9', '4', 'I', 'K']]"
T26,"If the number is 12, then the letter is N.","{'12': 'P', '3': 'not_P', 'N': 'Q', 'B': 'not_Q'}","Rule: ""If the number is 12, then the letter is N.""
Cards: ['12', '3', 'N', 'B']

Which cards must you turn over?
Your answer:","['12', 'N']",MATCHING_BIAS,"['12', 'N']",MATCHING_BIAS,"['12', 'B']",CORRECT,"['12', 'B']",CORRECT,"['12', 'B']",CORRECT,"['12', 'B']",CORRECT,"[['B', '12'], ['12', 'B'], ['B', '12'], ['12', 'B'], ['12', 'B']]","['CORRECT', 'CORRECT', 'CORRECT', 'CORRECT', 'CORRECT']","[['N', 'B', '12', '3'], ['12', 'B', 'N', '3'], ['3', 'N', 'B', '12'], ['3', '12', 'B', 'N'], ['3', '12', 'N', 'B']]","[['B', '12'], ['12'], ['12'], ['12', 'N'], ['12']]","['CORRECT', 'CONFIRMATION_BIAS', 'CONFIRMATION_BIAS', 'MATCHING_BIAS', 'CONFIRMATION_BIAS']","[['N', 'B', '12', '3'], ['12', 'B', 'N', '3'], ['3', 'N', 'B', '12'], ['3', '12', 'B', 'N'], ['3', '12', 'N', 'B']]","[['B', '12'], ['12', 'B'], ['B', '12'], ['12', 'B'], ['12', 'B']]","['CORRECT', 'CORRECT', 'CORRECT', 'CORRECT', 'CORRECT']","[['N', 'B', '12', '3'], ['12', 'B', 'N', '3'], ['3', 'N', 'B', '12'], ['3', '12', 'B', 'N'], ['3', '12', 'N', 'B']]","[['12', 'N'], ['12', 'B', '3'], ['B', '12'], ['12', 'B'], ['12', 'N']]","['MATCHING_BIAS', 'LOGIC_ERROR', 'CORRECT', 'CORRECT', 'MATCHING_BIAS']","[['N', 'B', '12', '3'], ['12', 'B', 'N', '3'], ['3', 'N', 'B', '12'], ['3', '12', 'B', 'N'], ['3', '12', 'N', 'B']]","[['B', '12'], ['12', 'B'], ['B', '12'], ['12', 'B'], ['12', 'B']]","['CORRECT', 'CORRECT', 'CORRECT', 'CORRECT', 'CORRECT']","[['N', 'B', '12', '3'], ['12', 'B', 'N', '3'], ['3', 'N', 'B', '12'], ['3', '12', 'B', 'N'], ['3', '12', 'N', 'B']]","[['N', '12', 'B'], ['12', 'N'], ['12'], ['12'], ['12', 'N']]","['OVER_SELECTION', 'MATCHING_BIAS', 'CONFIRMATION_BIAS', 'CONFIRMATION_BIAS', 'MATCHING_BIAS']","[['N', 'B', '12', '3'], ['12', 'B', 'N', '3'], ['3', 'N', 'B', '12'], ['3', '12', 'B', 'N'], ['3', '12', 'N', 'B']]"
T27,"If the letter is F, then the number is 6.","{'F': 'P', 'E': 'not_P', '6': 'Q', '7': 'not_Q'}","Rule: ""If the letter is F, then the number is 6.""
Cards: ['F', 'E', '6', '7']

Which cards must you turn over?
Your answer:","['F', '6']",MATCHING_BIAS,"['F', '7']",CORRECT,"['F', '7']",CORRECT,"['F', '7']",CORRECT,"['F', '7']",CORRECT,"['F', '7']",CORRECT,"[['7', 'F'], ['F', '7'], ['F', '7'], ['F', '7'], ['F', '7']]","['CORRECT', 'CORRECT', 'CORRECT', 'CORRECT', 'CORRECT']","[['7', 'E', 'F', '6'], ['F', 'E', '7', '6'], ['6', 'F', 'E', '7'], ['E', 'F', '6', '7'], ['F', 'E', '6', '7']]","[['F'], ['F', '7'], ['F', '7'], ['F', '7'], ['F', '6']]","['CONFIRMATION_BIAS', 'CORRECT', 'CORRECT', 'CORRECT', 'MATCHING_BIAS']","[['7', 'E', 'F', '6'], ['F', 'E', '7', '6'], ['6', 'F', 'E', '7'], ['E', 'F', '6', '7'], ['F', 'E', '6', '7']]","[['F', '7'], ['F', '7'], ['F', '7'], ['F', '7'], ['F', '7']]","['CORRECT', 'CORRECT', 'CORRECT', 'CORRECT', 'CORRECT']","[['7', 'E', 'F', '6'], ['F', 'E', '7', '6'], ['6', 'F', 'E', '7'], ['E', 'F', '6', '7'], ['F', 'E', '6', '7']]","[['F', '6'], ['F', '6'], ['6', 'F'], ['F', '6'], ['F', '6']]","['MATCHING_BIAS', 'MATCHING_BIAS', 'MATCHING_BIAS', 'MATCHING_BIAS', 'MATCHING_BIAS']","[['7', 'E', 'F', '6'], ['F', 'E', '7', '6'], ['6', 'F', 'E', '7'], ['E', 'F', '6', '7'], ['F', 'E', '6', '7']]","[['7', 'F'], ['F', '7'], ['F', '7'], ['F', '7'], ['F', '7']]","['CORRECT', 'CORRECT', 'CORRECT', 'CORRECT', 'CORRECT']","[['7', 'E', 'F', '6'], ['F', 'E', '7', '6'], ['6', 'F', 'E', '7'], ['E', 'F', '6', '7'], ['F', 'E', '6', '7']]","[['F', '6'], ['F', '7'], ['6', 'F'], ['F', '6'], ['F', '6']]","['MATCHING_BIAS', 'CORRECT', 'MATCHING_BIAS', 'MATCHING_BIAS', 'MATCHING_BIAS']","[['7', 'E', 'F', '6'], ['F', 'E', '7', '6'], ['6', 'F', 'E', '7'], ['E', 'F', '6', '7'], ['F', 'E', '6', '7']]"
T28,"If the number is 2, then the letter is Z.","{'2': 'P', '5': 'not_P', 'Z': 'Q', 'A': 'not_Q'}","Rule: ""If the number is 2, then the letter is Z.""
Cards: ['2', '5', 'Z', 'A']

Which cards must you turn over?
Your answer:","['2', 'Z']",MATCHING_BIAS,"['2', 'Z']",MATCHING_BIAS,"['2', 'A']",CORRECT,"['2', 'A']",CORRECT,"['2', 'A']",CORRECT,"['2', 'A']",CORRECT,"[['2', 'A'], [""- Card 'A': Visible is Letter. Hidden is Number. If""], ['A', '2'], ['2', 'A'], ['2', 'A']]","['CORRECT', 'NOISE', 'CORRECT', 'CORRECT', 'CORRECT']","[['2', 'A', '5', 'Z'], ['A', '2', 'Z', '5'], ['Z', '5', 'A', '2'], ['2', '5', 'Z', 'A'], ['Z', '2', '5', 'A']]","[['2'], ['2'], ['A', '2'], ['2', 'A'], ['2']]","['CONFIRMATION_BIAS', 'CONFIRMATION_BIAS', 'CORRECT', 'CORRECT', 'CONFIRMATION_BIAS']","[['2', 'A', '5', 'Z'], ['A', '2', 'Z', '5'], ['Z', '5', 'A', '2'], ['2', '5', 'Z', 'A'], ['Z', '2', '5', 'A']]","[['2', 'A'], ['2', 'A'], ['2', 'A'], ['2', 'A'], ['2', 'A']]","['CORRECT', 'CORRECT', 'CORRECT', 'CORRECT', 'CORRECT']","[['2', 'A', '5', 'Z'], ['A', '2', 'Z', '5'], ['Z', '5', 'A', '2'], ['2', '5', 'Z', 'A'], ['Z', '2', '5', 'A']]","[['2', 'Z'], ['2', 'Z'], ['Z', '2'], ['2', 'A'], ['2', 'Z']]","['MATCHING_BIAS', 'MATCHING_BIAS', 'MATCHING_BIAS', 'CORRECT', 'MATCHING_BIAS']","[['2', 'A', '5', 'Z'], ['A', '2', 'Z', '5'], ['Z', '5', 'A', '2'], ['2', '5', 'Z', 'A'], ['Z', '2', '5', 'A']]","[['2', 'A'], ['A', '2'], ['A', '2'], ['2', 'A'], ['2', 'A']]","['CORRECT', 'CORRECT', 'CORRECT', 'CORRECT', 'CORRECT']","[['2', 'A', '5', 'Z'], ['A', '2', 'Z', '5'], ['Z', '5', 'A', '2'], ['2', '5', 'Z', 'A'], ['Z', '2', '5', 'A']]","[['2'], ['2'], ['Z', '2'], ['2'], ['2', 'Z']]","['CONFIRMATION_BIAS', 'CONFIRMATION_BIAS', 'MATCHING_BIAS', 'CONFIRMATION_BIAS', 'MATCHING_BIAS']","[['2', 'A', '5', 'Z'], ['A', '2', 'Z', '5'], ['Z', '5', 'A', '2'], ['2', '5', 'Z', 'A'], ['Z', '2', '5', 'A']]"
T29,"If the letter is W, then the number is 100.","{'W': 'P', 'V': 'not_P', '100': 'Q', '50': 'not_Q'}","Rule: ""If the letter is W, then the number is 100.""
Cards: ['W', 'V', '100', '50']

Which cards must you turn over?
Your answer:","['W', '100']",MATCHING_BIAS,"['W', '50']",CORRECT,"['W', '50']",CORRECT,"['W', '50']",CORRECT,"['W', '50']",CORRECT,"['W', '50']",CORRECT,"[['W', '50'], ['W', '50'], ['W', '50'], ['W', '50'], ['W', '50']]","['CORRECT', 'CORRECT', 'CORRECT', 'CORRECT', 'CORRECT']","[['V', '100', 'W', '50'], ['V', 'W', '50', '100'], ['W', 'V', '100', '50'], ['100', '50', 'W', 'V'], ['100', 'W', '50', 'V']]","[['W'], ['W'], ['W', '100'], ['W'], ['W']]","['CONFIRMATION_BIAS', 'CONFIRMATION_BIAS', 'MATCHING_BIAS', 'CONFIRMATION_BIAS', 'CONFIRMATION_BIAS']","[['V', '100', 'W', '50'], ['V', 'W', '50', '100'], ['W', 'V', '100', '50'], ['100', '50', 'W', 'V'], ['100', 'W', '50', 'V']]","[['W', '50'], ['W', '50'], ['W', '50'], ['W', '50'], ['W', '50']]","['CORRECT', 'CORRECT', 'CORRECT', 'CORRECT', 'CORRECT']","[['V', '100', 'W', '50'], ['V', 'W', '50', '100'], ['W', 'V', '100', '50'], ['100', '50', 'W', 'V'], ['100', 'W', '50', 'V']]","[['50'], ['W', '100'], ['W', '50'], ['W', '100'], ['W', '50', 'V']]","['SINGLE_VIOLATION', 'MATCHING_BIAS', 'CORRECT', 'MATCHING_BIAS', 'LOGIC_ERROR']","[['V', '100', 'W', '50'], ['V', 'W', '50', '100'], ['W', 'V', '100', '50'], ['100', '50', 'W', 'V'], ['100', 'W', '50', 'V']]","[['W', '50'], ['W', '50'], ['W', '50'], ['50', 'W'], ['W', '50']]","['CORRECT', 'CORRECT', 'CORRECT', 'CORRECT', 'CORRECT']","[['V', '100', 'W', '50'], ['V', 'W', '50', '100'], ['W', 'V', '100', '50'], ['100', '50', 'W', 'V'], ['100', 'W', '50', 'V']]","[['W', '100'], ['W', '100'], ['W', '100'], ['100', '50', 'W'], ['100', 'W']]","['MATCHING_BIAS', 'MATCHING_BIAS', 'MATCHING_BIAS', 'OVER_SELECTION', 'MATCHING_BIAS']","[['V', '100', 'W', '50'], ['V', 'W', '50', '100'], ['W', 'V', '100', '50'], ['100', '50', 'W', 'V'], ['100', 'W', '50', 'V']]"
T30,"If the number is Double Digit, then the letter is P.","{'14': 'P', '5': 'not_P', 'P': 'Q', 'S': 'not_Q'}","Rule: ""If the number is Double Digit, then the letter is P.""
Cards: ['14', '5', 'P', 'S']

Which cards must you turn over?
Your answer:","['14', '5']",LOGIC_ERROR,"['14', 'S']",CORRECT,"['14', 'S']",CORRECT,"['14', 'S']",CORRECT,"['14', 'S']",CORRECT,"['14', 'S']",CORRECT,"[['S', '14'], ['S', '14'], ['14', 'S'], ['S', '14'], ['14', 'S']]","['CORRECT', 'CORRECT', 'CORRECT', 'CORRECT', 'CORRECT']","[['S', '14', '5', 'P'], ['5', 'S', 'P', '14'], ['5', '14', 'S', 'P'], ['P', '5', 'S', '14'], ['14', '5', 'S', 'P']]","[['14'], ['S', '14'], ['14'], ['5', '14'], ['14']]","['CONFIRMATION_BIAS', 'CORRECT', 'CONFIRMATION_BIAS', 'LOGIC_ERROR', 'CONFIRMATION_BIAS']","[['S', '14', '5', 'P'], ['5', 'S', 'P', '14'], ['5', '14', 'S', 'P'], ['P', '5', 'S', '14'], ['14', '5', 'S', 'P']]","[['S', '14'], ['S', '14'], ['14', 'S'], ['S', '14'], ['14', 'S']]","['CORRECT', 'CORRECT', 'CORRECT', 'CORRECT', 'CORRECT']","[['S', '14', '5', 'P'], ['5', 'S', 'P', '14'], ['5', '14', 'S', 'P'], ['P', '5', 'S', '14'], ['14', '5', 'S', 'P']]","[['14'], ['S', '14'], ['14', 'P'], ['14'], ['14', 'P']]","['CONFIRMATION_BIAS', 'CORRECT', 'MATCHING_BIAS', 'CONFIRMATION_BIAS', 'MATCHING_BIAS']","[['S', '14', '5', 'P'], ['5', 'S', 'P', '14'], ['5', '14', 'S', 'P'], ['P', '5', 'S', '14'], ['14', '5', 'S', 'P']]","[['S', '14'], ['S', '14'], ['14', 'S'], ['S', '14'], ['14', 'S']]","['CORRECT', 'CORRECT', 'CORRECT', 'CORRECT', 'CORRECT']","[['S', '14', '5', 'P'], ['5', 'S', 'P', '14'], ['5', '14', 'S', 'P'], ['P', '5', 'S', '14'], ['14', '5', 'S', 'P']]","[['S', '14'], ['14', '5'], ['14'], ['14'], ['14', 'S']]","['CORRECT', 'LOGIC_ERROR', 'CONFIRMATION_BIAS', 'CONFIRMATION_BIAS', 'CORRECT']","[['S', '14', '5', 'P'], ['5', 'S', 'P', '14'], ['5', '14', 'S', 'P'], ['P', '5', 'S', '14'], ['14', '5', 'S', 'P']]"
